{
  "metrics": {
    "pr_auc": 0.17756441609562126,
    "roc_auc": 0.3926282051282052
  },
  "n_train": 188,
  "n_test": 47,
  "seed": 42,
  "window_hours": 24.0,
  "lag_days": [
    1,
    3
  ]
}