{
  "metrics": {
    "pr_auc": 0.16881140105885437,
    "roc_auc": 0.40224358974358976
  },
  "n_train": 188,
  "n_test": 47,
  "seed": 42,
  "window_hours": 4.0,
  "lag_days": [
    1,
    3
  ]
}